-- MySQL dump 10.13  Distrib 8.0.18, for Win64 (x86_64)
--
-- Host: 127.0.0.1    Database: shopdb
-- ------------------------------------------------------
-- Server version	8.0.45

/*!40101 SET @OLD_CHARACTER_SET_CLIENT=@@CHARACTER_SET_CLIENT */;
/*!40101 SET @OLD_CHARACTER_SET_RESULTS=@@CHARACTER_SET_RESULTS */;
/*!40101 SET @OLD_COLLATION_CONNECTION=@@COLLATION_CONNECTION */;
/*!50503 SET NAMES utf8mb4 */;
/*!40103 SET @OLD_TIME_ZONE=@@TIME_ZONE */;
/*!40103 SET TIME_ZONE='+00:00' */;
/*!40014 SET @OLD_UNIQUE_CHECKS=@@UNIQUE_CHECKS, UNIQUE_CHECKS=0 */;
/*!40014 SET @OLD_FOREIGN_KEY_CHECKS=@@FOREIGN_KEY_CHECKS, FOREIGN_KEY_CHECKS=0 */;
/*!40101 SET @OLD_SQL_MODE=@@SQL_MODE, SQL_MODE='NO_AUTO_VALUE_ON_ZERO' */;
/*!40111 SET @OLD_SQL_NOTES=@@SQL_NOTES, SQL_NOTES=0 */;

--
-- Table structure for table `cart`
--

DROP TABLE IF EXISTS `cart`;
/*!40101 SET @saved_cs_client     = @@character_set_client */;
/*!50503 SET character_set_client = utf8mb4 */;
CREATE TABLE `cart` (
  `id` int NOT NULL AUTO_INCREMENT,
  `user_id` int NOT NULL,
  `product_id` int NOT NULL,
  `quantity` int DEFAULT '1',
  `created_at` timestamp NULL DEFAULT CURRENT_TIMESTAMP,
  PRIMARY KEY (`id`),
  KEY `user_id` (`user_id`),
  KEY `product_id` (`product_id`),
  CONSTRAINT `cart_ibfk_1` FOREIGN KEY (`user_id`) REFERENCES `users` (`id`),
  CONSTRAINT `cart_ibfk_2` FOREIGN KEY (`product_id`) REFERENCES `products` (`id`)
) ENGINE=InnoDB AUTO_INCREMENT=32 DEFAULT CHARSET=utf8mb4 COLLATE=utf8mb4_0900_ai_ci;
/*!40101 SET character_set_client = @saved_cs_client */;

--
-- Dumping data for table `cart`
--

LOCK TABLES `cart` WRITE;
/*!40000 ALTER TABLE `cart` DISABLE KEYS */;
INSERT INTO `cart` VALUES (16,2,2,1,'2026-04-24 13:10:09'),(17,2,1,1,'2026-04-24 13:11:37');
/*!40000 ALTER TABLE `cart` ENABLE KEYS */;
UNLOCK TABLES;

--
-- Table structure for table `categories`
--

DROP TABLE IF EXISTS `categories`;
/*!40101 SET @saved_cs_client     = @@character_set_client */;
/*!50503 SET character_set_client = utf8mb4 */;
CREATE TABLE `categories` (
  `id` int NOT NULL AUTO_INCREMENT,
  `name` varchar(100) DEFAULT NULL,
  `description` text,
  PRIMARY KEY (`id`)
) ENGINE=InnoDB AUTO_INCREMENT=4 DEFAULT CHARSET=utf8mb4 COLLATE=utf8mb4_0900_ai_ci;
/*!40101 SET character_set_client = @saved_cs_client */;

--
-- Dumping data for table `categories`
--

LOCK TABLES `categories` WRITE;
/*!40000 ALTER TABLE `categories` DISABLE KEYS */;
INSERT INTO `categories` VALUES (1,'iPhone','Apple phones'),(2,'Samsung','Samsung phones'),(3,'Xiaomi','Xiaomi phones');
/*!40000 ALTER TABLE `categories` ENABLE KEYS */;
UNLOCK TABLES;

--
-- Table structure for table `discount_codes`
--

DROP TABLE IF EXISTS `discount_codes`;
/*!40101 SET @saved_cs_client     = @@character_set_client */;
/*!50503 SET character_set_client = utf8mb4 */;
CREATE TABLE `discount_codes` (
  `id` int NOT NULL AUTO_INCREMENT,
  `code` varchar(50) NOT NULL,
  `discount_percent` int NOT NULL,
  `expiry_date` datetime DEFAULT NULL,
  `status` tinyint(1) DEFAULT '1',
  `created_at` timestamp NULL DEFAULT CURRENT_TIMESTAMP,
  PRIMARY KEY (`id`),
  UNIQUE KEY `code` (`code`)
) ENGINE=InnoDB AUTO_INCREMENT=2 DEFAULT CHARSET=utf8mb4 COLLATE=utf8mb4_0900_ai_ci;
/*!40101 SET character_set_client = @saved_cs_client */;

--
-- Dumping data for table `discount_codes`
--

LOCK TABLES `discount_codes` WRITE;
/*!40000 ALTER TABLE `discount_codes` DISABLE KEYS */;
INSERT INTO `discount_codes` VALUES (1,'SHOPDB',25,'2026-12-31 23:59:59',1,'2026-05-01 02:24:09');
/*!40000 ALTER TABLE `discount_codes` ENABLE KEYS */;
UNLOCK TABLES;

--
-- Table structure for table `order_items`
--

DROP TABLE IF EXISTS `order_items`;
/*!40101 SET @saved_cs_client     = @@character_set_client */;
/*!50503 SET character_set_client = utf8mb4 */;
CREATE TABLE `order_items` (
  `id` int NOT NULL AUTO_INCREMENT,
  `order_id` int DEFAULT NULL,
  `product_id` int DEFAULT NULL,
  `quantity` int DEFAULT NULL,
  `price` decimal(10,2) DEFAULT NULL,
  PRIMARY KEY (`id`),
  KEY `order_id` (`order_id`),
  KEY `phone_id` (`product_id`),
  CONSTRAINT `order_items_ibfk_1` FOREIGN KEY (`order_id`) REFERENCES `orders` (`id`),
  CONSTRAINT `order_items_ibfk_2` FOREIGN KEY (`product_id`) REFERENCES `products` (`id`)
) ENGINE=InnoDB AUTO_INCREMENT=14 DEFAULT CHARSET=utf8mb4 COLLATE=utf8mb4_0900_ai_ci;
/*!40101 SET character_set_client = @saved_cs_client */;

--
-- Dumping data for table `order_items`
--

LOCK TABLES `order_items` WRITE;
/*!40000 ALTER TABLE `order_items` DISABLE KEYS */;
INSERT INTO `order_items` VALUES (1,1,2,1,30000000.00),(2,2,2,2,30000000.00),(3,3,2,1,30000000.00),(4,4,6,1,1000000.00),(5,5,2,1,30000000.00),(6,5,1,2,20000000.00),(7,6,1,1,20000000.00),(8,7,2,1,30000000.00),(9,8,2,1,30000000.00),(10,9,2,2,30000000.00),(11,10,2,1,30000000.00),(12,11,1,1,20000000.00),(13,12,1,1,20000000.00);
/*!40000 ALTER TABLE `order_items` ENABLE KEYS */;
UNLOCK TABLES;

--
-- Table structure for table `orders`
--

DROP TABLE IF EXISTS `orders`;
/*!40101 SET @saved_cs_client     = @@character_set_client */;
/*!50503 SET character_set_client = utf8mb4 */;
CREATE TABLE `orders` (
  `id` int NOT NULL AUTO_INCREMENT,
  `user_id` int DEFAULT NULL,
  `total_amount` decimal(15,2) NOT NULL DEFAULT '0.00',
  `shipping_address` text,
  `total` decimal(10,2) DEFAULT NULL,
  `status` varchar(50) DEFAULT NULL,
  `created_at` datetime DEFAULT CURRENT_TIMESTAMP,
  `payment_method` enum('COD','VNPAY','MOMO','VIETQR') DEFAULT 'COD',
  `payment_status` enum('PENDING','PAID','FAILED') DEFAULT 'PENDING',
  `transaction_id` varchar(255) DEFAULT NULL,
  PRIMARY KEY (`id`),
  KEY `user_id` (`user_id`),
  CONSTRAINT `orders_ibfk_1` FOREIGN KEY (`user_id`) REFERENCES `users` (`id`)
) ENGINE=InnoDB AUTO_INCREMENT=13 DEFAULT CHARSET=utf8mb4 COLLATE=utf8mb4_0900_ai_ci;
/*!40101 SET character_set_client = @saved_cs_client */;

--
-- Dumping data for table `orders`
--

LOCK TABLES `orders` WRITE;
/*!40000 ALTER TABLE `orders` DISABLE KEYS */;
INSERT INTO `orders` VALUES (1,1,30000000.00,NULL,NULL,'Refused','2026-04-26 04:13:46','COD','PENDING',NULL),(2,1,60000000.00,'sds',NULL,'Refused','2026-04-26 09:48:43','COD','PENDING',NULL),(3,1,30000000.00,'f',NULL,'Refused','2026-05-01 03:31:51','COD','PENDING',NULL),(4,1,1000000.00,'gf',NULL,'Refused','2026-05-04 00:12:04','COD','PENDING',NULL),(5,1,70000000.00,'55555',NULL,'Pending','2026-05-04 01:40:04','COD','PENDING',NULL),(6,1,20000000.00,'aa',NULL,'Refused','2026-05-04 02:06:02','COD','PENDING',NULL),(7,1,30000000.00,'f',NULL,'Pending','2026-05-10 04:02:34','COD','PENDING',NULL),(8,3,30000000.00,'vb',NULL,'Pending','2026-05-10 04:03:46','COD','PENDING',NULL),(9,1,60000000.00,'fg',NULL,'Refused','2026-05-10 04:38:52','COD','PENDING',NULL),(10,3,30000000.00,'g',NULL,'Pending','2026-05-10 04:40:04','COD','PENDING',NULL),(11,1,20000000.00,'BĂ¬nh DĆ°Ćˇng',NULL,'Pending','2026-05-10 11:47:41','COD','PENDING',NULL),(12,1,20000000.00,'fff',NULL,'Pending','2026-05-14 05:56:41','COD','PENDING',NULL);
/*!40000 ALTER TABLE `orders` ENABLE KEYS */;
UNLOCK TABLES;

--
-- Table structure for table `payments`
--

DROP TABLE IF EXISTS `payments`;
/*!40101 SET @saved_cs_client     = @@character_set_client */;
/*!50503 SET character_set_client = utf8mb4 */;
CREATE TABLE `payments` (
  `id` int NOT NULL AUTO_INCREMENT,
  `order_id` int DEFAULT NULL,
  `amount` decimal(10,2) DEFAULT NULL,
  `method` varchar(50) DEFAULT NULL,
  `payment_date` datetime DEFAULT NULL,
  PRIMARY KEY (`id`),
  KEY `order_id` (`order_id`),
  CONSTRAINT `payments_ibfk_1` FOREIGN KEY (`order_id`) REFERENCES `orders` (`id`)
) ENGINE=InnoDB DEFAULT CHARSET=utf8mb4 COLLATE=utf8mb4_0900_ai_ci;
/*!40101 SET character_set_client = @saved_cs_client */;

--
-- Dumping data for table `payments`
--

LOCK TABLES `payments` WRITE;
/*!40000 ALTER TABLE `payments` DISABLE KEYS */;
/*!40000 ALTER TABLE `payments` ENABLE KEYS */;
UNLOCK TABLES;

--
-- Table structure for table `products`
--

DROP TABLE IF EXISTS `products`;
/*!40101 SET @saved_cs_client     = @@character_set_client */;
/*!50503 SET character_set_client = utf8mb4 */;
CREATE TABLE `products` (
  `id` int NOT NULL AUTO_INCREMENT,
  `name` varchar(200) DEFAULT NULL,
  `brand` varchar(100) DEFAULT NULL,
  `price` decimal(10,2) DEFAULT NULL,
  `stock` int DEFAULT NULL,
  `description` text,
  `image` varchar(255) DEFAULT NULL,
  `category_id` int DEFAULT NULL,
  `created_at` datetime DEFAULT CURRENT_TIMESTAMP,
  PRIMARY KEY (`id`),
  KEY `category_id` (`category_id`),
  CONSTRAINT `products_ibfk_1` FOREIGN KEY (`category_id`) REFERENCES `categories` (`id`)
) ENGINE=InnoDB AUTO_INCREMENT=9 DEFAULT CHARSET=utf8mb4 COLLATE=utf8mb4_0900_ai_ci;
/*!40101 SET character_set_client = @saved_cs_client */;

--
-- Dumping data for table `products`
--

LOCK TABLES `products` WRITE;
/*!40000 ALTER TABLE `products` DISABLE KEYS */;
INSERT INTO `products` VALUES (1,'iPhone 13','Apple',20000000.00,98,'iPhone 13 chĂ­nh hĂŁng','iphone13.jpg',1,'2026-03-30 00:37:10'),(2,'iPhone 14 Pro','Apple',30000000.00,5,'iPhone cao cáşĄp','iphone14pro.jpg',1,'2026-03-30 00:37:10'),(3,'Samsung S23','Samsung',18000000.00,1000,'Flagship Samsung','samsungs23.jpg',2,'2026-03-30 00:37:10'),(4,'Xiaomi 13','Xiaomi',12000000.00,15,'GiĂˇ ráş» cáşĄu hĂ¬nh cao','xiaomi13.jpg',3,'2026-03-30 00:37:10'),(6,'Samsung S25','Samsung',1000000.00,1,'Ä‘iá»‡n thoáşˇi cháşĄt lĆ°á»Łng cao','samsungs25.jpg',2,'2026-05-01 03:01:13');
/*!40000 ALTER TABLE `products` ENABLE KEYS */;
UNLOCK TABLES;

--
-- Table structure for table `roles`
--

DROP TABLE IF EXISTS `roles`;
/*!40101 SET @saved_cs_client     = @@character_set_client */;
/*!50503 SET character_set_client = utf8mb4 */;
CREATE TABLE `roles` (
  `id` int NOT NULL AUTO_INCREMENT,
  `name_role` varchar(50) NOT NULL,
  PRIMARY KEY (`id`),
  UNIQUE KEY `name_role` (`name_role`)
) ENGINE=InnoDB AUTO_INCREMENT=4 DEFAULT CHARSET=utf8mb4 COLLATE=utf8mb4_0900_ai_ci;
/*!40101 SET character_set_client = @saved_cs_client */;

--
-- Dumping data for table `roles`
--

LOCK TABLES `roles` WRITE;
/*!40000 ALTER TABLE `roles` DISABLE KEYS */;
INSERT INTO `roles` VALUES (1,'Admin'),(3,'Customer'),(2,'Employee');
/*!40000 ALTER TABLE `roles` ENABLE KEYS */;
UNLOCK TABLES;

--
-- Table structure for table `user_roles`
--

DROP TABLE IF EXISTS `user_roles`;
/*!40101 SET @saved_cs_client     = @@character_set_client */;
/*!50503 SET character_set_client = utf8mb4 */;
CREATE TABLE `user_roles` (
  `id` int NOT NULL AUTO_INCREMENT,
  `user_id` int DEFAULT NULL,
  `role_id` int DEFAULT NULL,
  PRIMARY KEY (`id`),
  KEY `user_id` (`user_id`),
  KEY `role_id` (`role_id`),
  CONSTRAINT `user_roles_ibfk_1` FOREIGN KEY (`user_id`) REFERENCES `users` (`id`) ON DELETE CASCADE,
  CONSTRAINT `user_roles_ibfk_2` FOREIGN KEY (`role_id`) REFERENCES `roles` (`id`) ON DELETE CASCADE
) ENGINE=InnoDB AUTO_INCREMENT=8 DEFAULT CHARSET=utf8mb4 COLLATE=utf8mb4_0900_ai_ci;
/*!40101 SET character_set_client = @saved_cs_client */;

--
-- Dumping data for table `user_roles`
--

LOCK TABLES `user_roles` WRITE;
/*!40000 ALTER TABLE `user_roles` DISABLE KEYS */;
INSERT INTO `user_roles` VALUES (1,1,1),(2,2,2),(3,3,3),(4,4,2),(5,5,2),(6,6,3),(7,7,3);
/*!40000 ALTER TABLE `user_roles` ENABLE KEYS */;
UNLOCK TABLES;

--
-- Table structure for table `users`
--

DROP TABLE IF EXISTS `users`;
/*!40101 SET @saved_cs_client     = @@character_set_client */;
/*!50503 SET character_set_client = utf8mb4 */;
CREATE TABLE `users` (
  `id` int NOT NULL AUTO_INCREMENT,
  `name` varchar(100) DEFAULT NULL,
  `email` varchar(100) DEFAULT NULL,
  `password` varchar(255) DEFAULT NULL,
  `phone` varchar(20) DEFAULT NULL,
  `address` text,
  `created_at` datetime DEFAULT CURRENT_TIMESTAMP,
  PRIMARY KEY (`id`),
  UNIQUE KEY `email` (`email`)
) ENGINE=InnoDB AUTO_INCREMENT=8 DEFAULT CHARSET=utf8mb4 COLLATE=utf8mb4_0900_ai_ci;
/*!40101 SET character_set_client = @saved_cs_client */;

--
-- Dumping data for table `users`
--

LOCK TABLES `users` WRITE;
/*!40000 ALTER TABLE `users` DISABLE KEYS */;
INSERT INTO `users` VALUES (1,'Admin','admin@gmail.com','$2b$10$fV1/JtubvMCh6V0AzR93rukuam8iWupocB2DNHXp41Nkt9s1WYvhW','',NULL,'2026-03-30 00:37:10'),(2,'User1','user1@gmail.com','$2b$10$owPCLLd8YFevsXXvZ2t8Au9cOfxD3VLFb63gahPuTDUlmtSyQWYB.','',NULL,'2026-03-30 00:37:10'),(3,'nhatminh@gmail.com','nhatminh@gmail.com','$2b$10$HGrc0H9ID7Qc1WsPLRziA.wJMsvywKfBaZbhvMNGQSugXVmd49hWy',NULL,NULL,'2026-04-09 07:15:06'),(4,'abcd@gmail.com','abcd@gmail.com','$2b$10$iuR7YuTKY7P6YM43jmLDzey6henHm9NVJFRDyOYrx1gAW8TPUflPW',NULL,NULL,'2026-04-09 16:33:12'),(5,'minhkk@gmail.com','minhkk@gmail.com','$2b$10$9vZXLuXG9Nb2m7lOy9PwHu/VvqpDJ0golmMzCtLLEuSJ/YaE8QnrG',NULL,NULL,'2026-04-10 10:36:13'),(6,'user2@gmail.com','user2@gmail.com','$2b$10$N8siJ7nYAtLL0/.LLTK/ROZjKIsRlSxkJIeS9uV442IdOmW62FBXm',NULL,NULL,'2026-04-13 01:16:04'),(7,'ad@gmail.com','ad@gmail.com','$2b$10$PvrVsfrtBFtvh0u2TKnRZeY3dC7BThaJReB2F4Qo9bwUfxsfbE/FS',NULL,NULL,'2026-04-24 13:07:02');
/*!40000 ALTER TABLE `users` ENABLE KEYS */;
UNLOCK TABLES;

--
-- Dumping routines for database 'shopdb'
--
/*!40103 SET TIME_ZONE=@OLD_TIME_ZONE */;

/*!40101 SET SQL_MODE=@OLD_SQL_MODE */;
/*!40014 SET FOREIGN_KEY_CHECKS=@OLD_FOREIGN_KEY_CHECKS */;
/*!40014 SET UNIQUE_CHECKS=@OLD_UNIQUE_CHECKS */;
/*!40101 SET CHARACTER_SET_CLIENT=@OLD_CHARACTER_SET_CLIENT */;
/*!40101 SET CHARACTER_SET_RESULTS=@OLD_CHARACTER_SET_RESULTS */;
/*!40101 SET COLLATION_CONNECTION=@OLD_COLLATION_CONNECTION */;
/*!40111 SET SQL_NOTES=@OLD_SQL_NOTES */;

-- Dump completed on 2026-05-14 18:12:40
